{"emotions": {"joy": 0.9998160004615784, "sadness": 0.00018399953842163086, "tension": 0.00018399953842163086, "comfort": 0.9998160004615784, "inspiration": 0.9998160004615784, "melancholy": 0.00018399953842163086, "hope": 0.9998160004615784}, "timestamp": 1740735106.1285582}