{"emotions": {"joy": 0.9998812675476074, "sadness": 0.00011873245239257812, "tension": 0.00011873245239257812, "comfort": 0.9998812675476074, "inspiration": 0.9998812675476074, "melancholy": 0.00011873245239257812, "hope": 0.9998812675476074}, "timestamp": 1740735570.78986}