{"emotions": {"joy": 0.9985228180885315, "sadness": 0.0014771819114685059, "tension": 0.0014771819114685059, "comfort": 0.9985228180885315, "inspiration": 0.9985228180885315, "melancholy": 0.0014771819114685059, "hope": 0.9985228180885315}, "timestamp": 1740734378.413763}