{"emotions": {"joy": 0.9998729228973389, "sadness": 0.0001270771026611328, "tension": 0.0001270771026611328, "comfort": 0.9998729228973389, "inspiration": 0.9998729228973389, "melancholy": 0.0001270771026611328, "hope": 0.9998729228973389}, "timestamp": 1740725432.334168}